id,first_name,last_name,address,city,zip,birth_year,email
r0,anananananananan,haananananananan,2 cedar ln,clinton,00000,1951,anananananananan.haananananananan@example.com
r1,@n@n@n@n@n@n@n@n,haananananananan,2 cedar ln,clinton,00000,1951,@n@n@n@n@n@n@n@n.haananananananan@example.com
r2,anananananananan,haananananananan,2 cedar ln,clinton,00000,1951,anananananananan.haananananananan@example.com
r3,anananananananan,haananananananan,2 cedar ln,clinton,00000,1951,anananananananan.haananananananan@example.com
r4,anananananananan,haananananananan,2 cedar ln,clinton,00000,1951,anananananananan.haananananananan@example.com
r5,bekalariinxenaan,gananacaeltalaan,66489919 oak ave,franklin,00001,1988,bekalariinxenaan.gananacaeltalaan@example.com
r6,bekalariinxenaan,gananacaeltalaan,66489919 oak ave,franklin,00001,1988,bekalariinxenaan.gananacaeltalaan@example.com
r7,bekalariinxenaan,gananacaeltalaan,66489919 oak ave,franklin,00001,1988,bekalariinxenaan.gananacaeltalaan@example.com
r8,bekalariinxenaan,gananacaeltalaan,66489919 oak ave,franklin,00001,1988,bekalariinxenaan.gananacaeltalaan@example.com
r9,bekalariinxenaan,gananacaeltalaan,66489919 oak ave,franklin,00001,1988,bekalariinxenaan.gananacaeltalaan@example.com
r10,cawoyuinsatadabe,ficadafiinmazean,32979836 park blvd,madison,00002,1983,cawoyuinsatadabe.ficadafiinmazean@example.com
r11,cawoyuinsatadabe,ficadafiinmazean,32979836 park blvd,madison,00002,1983,cawoyuinsatadabe.ficadafiinmazean@example.com
r12,cawoyuinsatadabe,ficadafiinmazean,32979836 park blvd,madison,00002,1983,cawoyuinsatadabe.ficadafiinmazean@example.com
r13,cawoyuinsatadabe,ficadafiinmazean,32979836 park blvd,madison,00002,1983,cawoyuinsatadabe.ficadafiinmazean@example.com
r14,cawoyuinsatadabe,ficadafiinmazean,32979836 park blvd,madison,00002,1983,cawoyuinsatadabe.ficadafiinmazean@example.com
r15,dagakabecarisabe,elparihamagalabe,99469753 maple dr,madison,00003,1958,dagakabecarisabe.elparihamagalabe@example.com
r16,dagakabecarisabe,elparihamagalabe,99469753 maple dr,madison,00003,1958,dagakabecarisabe.elparihamagalabe@example.com
r17,dagakabecarisabe,elparihamagalabe,99469753 maple dr,madison,00003,1958,dagakabecarisabe.elparihamagalabe@example.com
r18,dagakabecarisabe,elparihamagalabe,99469753 maple dr,madison,00003,1958,dagakabecarisabe.elparihamagalabe@example.com
r19,dagakabecarisabe,elparihamagalabe,99469753 maple dr,madison,00003,1958,dagakabecarisabe.elparihamagalabe@example.com
r20,elrixesakanahaca,daelgakarianzebe,65959670 washington ave,salem,00004,1968,elrixesakanahaca.daelgakarianzebe@example.com
r21,elrixesakanahaca,daelgakarianzebe,65959670 washington ave,salem,00004,1968,elrixesakanahaca.daelgakarianzebe@example.com
r22,elrixes@k@n@h@c@,daelgakarianzebe,65959670 washington ave,salem,00004,1968,elrixes@k@n@h@c@.daelgakarianzebe@example.com
r23,elrixesakanahaca,daelgakarianzebe,65959670 washington ave,salem,00004,1968,elrixesakanahaca.daelgakarianzebe@example.com
r24,elrixesakanahaca,daelgakarianzebe,65959670 washington ave,salem,00004,1968,elrixesakanahaca.daelgakarianzebe@example.com
r25,ficajokavakaxeca,casavamawotakaca,32449587 elm st,bristol,00005,1951,ficajokavakaxeca.casavamawotakaca@example.com
r26,ficajokavakaxeca,casavamawotakaca,32449587 elm st,bristol,00005,1951,ficajokavakaxeca.casavamawotakaca@example.com
r27,ficajokavakaxeca,casavamawotakaca,32449587 elm st,bristol,00005,1951,ficajokavakaxeca.casavamawotakaca@example.com
r28,ficajokavakaxeca,casavamawotakaca,32449587 elm st,bristol,00005,1951,ficajokavakaxeca.casavamawotakaca@example.com
r29,ficajokavakaxeca,casavamawotakaca,32449587 elm st,bristol,00005,1951,ficajokavakaxeca.casavamawotakaca@example.com
r30,g@m@woc@elinl@d@,begajopaannayuca,98939504 park blvd,madison,00006,2002,g@m@woc@elinl@d@.begajopaannayuca@example.com
r31,gamawocaelinlada,begajopaannayuca,98939504 park blvd,madison,00006,2002,gamawocaelinlada.begajopaannayuca@example.com
r32,gamawocaelinlada,begajopaannayuca,98939504 park blvd,madison,00006,2002,gamawocaelinlada.begajopaannayuca@example.com
r33,g@m@woc@elinl@d@,begajopaannayuca,98939504 park blvd,madison,00006,2002,g@m@woc@elinl@d@.begajopaannayuca@example.com
r34,gamawocaelinlada,begajopaannayuca,98939504 park blvd,madison,00006,2002,gamawocaelinlada.begajopaannayuca@example.com
r35,hayuhavamafibeel,anvayusaelhakada,65429421 oak ave,fairview,00007,1965,hayuhavamafibeel.anvayusaelhakada@example.com
r36,hayuhavamafibeel,anvayusaelhakada,65429421 oak ave,fairview,00007,1965,hayuhavamafibeel.anvayusaelhakada@example.com
r37,hayuhavamafibeel,anvayusaelhakada,65429421 oak ave,fairview,00007,1965,hayuhavamafibeel.anvayusaelhakada@example.com
r38,hayuhavamafibeel,anvayusaelhakada,65429421 oak ave,fairview,00007,1965,hayuhavamafibeel.anvayusaelhakada@example.com
r39,h@yuh@v@m@fibeel,anvayusaelhakada,65429421 oak ave,fairview,00007,1965,h@yuh@v@m@fibeel.anvayusaelhakada@example.com
r40,ininvalaxecapael,zehamawoinbeyuda,31919338 pine rd,salem,00008,1946,ininvalaxecapael.zehamawoinbeyuda@example.com
r41,ininvalaxecapael,zehamawoinbeyuda,31919338 pine rd,salem,00008,1946,ininvalaxecapael.zehamawoinbeyuda@example.com
r42,ininvalaxecapael,zehamawoinbeyuda,31919338 pine rd,salem,00008,1946,ininvalaxecapael.zehamawoinbeyuda@example.com
r43,ininv@l@xec@p@el,zehamawoinbeyuda,31919338 pine rd,salem,00008,1946,ininv@l@xec@p@el.zehamawoinbeyuda@example.com
r44,ininvalaxecapael,zehamawoinbeyuda,31919338 pine rd,salem,00008,1946,ininvalaxecapael.zehamawoinbeyuda@example.com
r45,jotagaelgaanfifi,yuwobezemavajoel,98409255 maple dr,fairview,00009,1965,jotagaelgaanfifi.yuwobezemavajoel@example.com
r46,jot@g@elg@@nfifi,yuwobezemavajoel,98409255 maple dr,fairview,00009,1965,jot@g@elg@@nfifi.yuwobezemavajoel@example.com
r47,jotagaelgaanfifi,yuwobezemavajoel,98409255 maple dr,fairview,00009,1965,jotagaelgaanfifi.yuwobezemavajoel@example.com
r48,jotagaelgaanfifi,yuwobezemavajoel,98409255 maple dr,fairview,00009,1965,jotagaelgaanfifi.yuwobezemavajoel@example.com
r49,jotagaelgaanfifi,yuwobezemavajoel,98409255 maple dr,fairview,00009,1965,jotagaelgaanfifi.yuwobezemavajoel@example.com
r50,kaeltawoorxetafi,xejopabesanaxeel,64899172 oak ave,bristol,00010,1963,kaeltawoorxetafi.xejopabesanaxeel@example.com
r51,kaeltawoorxetafi,xejopabesanaxeel,64899172 oak ave,bristol,00010,1963,kaeltawoorxetafi.xejopabesanaxeel@example.com
r52,kaeltawoorxetafi,xejopabesanaxeel,64899172 oak ave,bristol,00010,1963,kaeltawoorxetafi.xejopabesanaxeel@example.com
r53,kaeltawoorxetafi,xejopabesanaxeel,64899172 oak ave,bristol,00010,1963,kaeltawoorxetafi.xejopabesanaxeel@example.com
r54,kaeltawoorxetafi,xejopabesanaxeel,64899172 oak ave,bristol,00010,1963,kaeltawoorxetafi.xejopabesanaxeel@example.com
r55,laorfinazetainga,woyuelelxehajofi,31389089 pine rd,georgetown,00011,1974,laorfinazetainga.woyuelelxehajofi@example.com
r56,laorfinazetainga,woyuelelxehajofi,31389089 pine rd,georgetown,00011,1974,laorfinazetainga.woyuelelxehajofi@example.com
r57,laorfinazetainga,woyuelelxehajofi,31389089 pine rd,georgetown,00011,1974,laorfinazetainga.woyuelelxehajofi@example.com
r58,laorfinazetainga,woyuelelxehajofi,31389089 pine rd,georgetown,00011,1974,laorfinazetainga.woyuelelxehajofi@example.com
r59,laorfinazetainga,woyuelelxehajofi,31389089 pine rd,georgetown,00011,1974,laorfinazetainga.woyuelelxehajofi@example.com
r60,maansafiinriyuga,valatagabecaxefi,97879006 elm st,fairview,00012,1950,maansafiinriyuga.valatagabecaxefi@example.com
r61,maansafiinriyuga,valatagabecaxefi,97879006 elm st,fairview,00012,1950,maansafiinriyuga.valatagabecaxefi@example.com
r62,maansafiinriyuga,valatagabecaxefi,97879006 elm st,fairview,00012,1950,maansafiinriyuga.valatagabecaxefi@example.com
r63,maansafiinriyuga,valatagabecaxefi,97879006 elm st,fairview,00012,1950,maansafiinriyuga.valatagabecaxefi@example.com
r64,maansafiinriyuga,valatagabecaxefi,97879006 elm st,fairview,00012,1950,maansafiinriyuga.valatagabecaxefi@example.com
r65,nakaelyurinamaha,taaninjofiwoinga,64368923 washington ave,springfield,00013,1977,nakaelyurinamaha.taaninjofiwoinga@example.com
r66,nakaelyurinamaha,taaninjofiwoinga,64368923 washington ave,springfield,00013,1977,nakaelyurinamaha.taaninjofiwoinga@example.com
r67,nakaelyurinamaha,taaninjofiwoinga,64368923 washington ave,springfield,00013,1977,nakaelyurinamaha.taaninjofiwoinga@example.com
r68,nakaelyurinamaha,taaninjofiwoinga,64368923 washington ave,springfield,00013,1977,nakaelyurinamaha.taaninjofiwoinga@example.com
r69,nakaelyurinamaha,taaninjofiwoinga,64368923 washington ave,springfield,00013,1977,nakaelyurinamaha.taaninjofiwoinga@example.com
r70,orwopaorbelacain,sanaxelajoorwoga,30858840 main st,salem,00014,1971,orwopaorbelacain.sanaxelajoorwoga@example.com
r71,orwopaorbelacain,sanaxelajoorwoga,30858840 main st,salem,00014,1971,orwopaorbelacain.sanaxelajoorwoga@example.com
r72,orwopaorbelacain,sanaxelajoorwoga,30858840 main st,salem,00014,1971,orwopaorbelacain.sanaxelajoorwoga@example.com
r73,orwop@orbel@c@in,sanaxelajoorwoga,30858840 main st,salem,00014,1971,orwop@orbel@c@in.sanaxelajoorwoga@example.com
r74,orwopaorbelacain,sanaxelajoorwoga,30858840 main st,salem,00014,1971,orwopaorbelacain.sanaxelajoorwoga@example.com
r75,pagadahakainriin,ricalaornaininha,97348757 maple dr,fairview,00015,1973,pagadahakainriin.ricalaornaininha@example.com
r76,p@g@d@h@k@inriin,ricalaornaininha,97348757 maple dr,fairview,00015,1973,p@g@d@h@k@inriin.ricalaornaininha@example.com
r77,pagadahakainriin,ricalaornaininha,97348757 maple dr,fairview,00015,1973,pagadahakainriin.ricalaornaininha@example.com
r78,pagadahakainriin,ricalaornaininha,97348757 maple dr,fairview,00015,1973,pagadahakainriin.ricalaornaininha@example.com
r79,pagadahakainriin,ricalaornaininha,97348757 maple dr,fairview,00015,1973,pagadahakainriin.ricalaornaininha@example.com
r80,ririorzetafigajo,papaansasacawoha,63838674 elm st,madison,00016,1962,ririorzetafigajo.papaansasacawoha@example.com
r81,ririorzetafigajo,papaansasacawoha,63838674 elm st,madison,00016,1962,ririorzetafigajo.papaansasacawoha@example.com
r82,ririorzetafigajo,papaansasacawoha,63838674 elm st,madison,00016,1962,ririorzetafigajo.papaansasacawoha@example.com
r83,ririorzetafigajo,papaansasacawoha,63838674 elm st,madison,00016,1962,ririorzetafigajo.papaansasacawoha@example.com
r84,ririorzetafigajo,papaansasacawoha,63838674 elm st,madison,00016,1962,ririorzetafigajo.papaansasacawoha@example.com
r85,sacacaridadawojo,orelorvaxewohain,30328591 main st,bristol,00017,2002,sacacaridadawojo.orelorvaxewohain@example.com
r86,sacacaridadawojo,orelorvaxewohain,30328591 main st,bristol,00017,2002,sacacaridadawojo.orelorvaxewohain@example.com
r87,s@c@c@rid@d@wojo,orelorvaxewohain,30328591 main st,bristol,00017,2002,s@c@c@rid@d@wojo.orelorvaxewohain@example.com
r88,sacacaridadawojo,orelorvaxewohain,30328591 main st,bristol,00017,2002,sacacaridadawojo.orelorvaxewohain@example.com
r89,s@c@c@rid@d@wojo,orelorvaxewohain,30328591 main st,bristol,00017,2002,s@c@c@rid@d@wojo.orelorvaxewohain@example.com
r90,tamanainmaankaka,nasadayubepavain,96818508 maple dr,springfield,00018,1947,tamanainmaankaka.nasadayubepavain@example.com
r91,tamanainmaankaka,nasadayubepavain,96818508 maple dr,springfield,00018,1947,tamanainmaankaka.nasadayubepavain@example.com
r92,tamanainmaankaka,nasadayubepavain,96818508 maple dr,springfield,00018,1947,tamanainmaankaka.nasadayubepavain@example.com
r93,tamanainmaankaka,nasadayubepavain,96818508 maple dr,springfield,00018,1947,tamanainmaankaka.nasadayubepavain@example.com
r94,tamanainmaankaka,nasadayubepavain,96818508 maple dr,springfield,00018,1947,tamanainmaankaka.nasadayubepavain@example.com
r95,v@yu@nbexexezek@,magasaangajohajo,63308425 main st,salem,00019,1986,v@yu@nbexexezek@.magasaangajohajo@example.com
r96,vayuanbexexezeka,magasaangajohajo,63308425 main st,salem,00019,1986,vayuanbexexezeka.magasaangajohajo@example.com
r97,vayuanbexexezeka,magasaangajohajo,63308425 main st,salem,00019,1986,vayuanbexexezeka.magasaangajohajo@example.com
r98,vayuanbexexezeka,magasaangajohajo,63308425 main st,salem,00019,1986,vayuanbexexezeka.magasaangajohajo@example.com
r99,vayuanbexexezeka,magasaangajohajo,63308425 main st,salem,00019,1986,vayuanbexexezeka.magasaangajohajo@example.com
r100,woinmasafivanala,lavagadakadavajo,29798342 pine rd,fairview,00020,1989,woinmasafivanala.lavagadakadavajo@example.com
r101,woinmasafivanala,lavagadakadavajo,29798342 pine rd,fairview,00020,1989,woinmasafivanala.lavagadakadavajo@example.com
r102,woinmasafivanala,lavagadakadavajo,29798342 pine rd,fairview,00020,1989,woinmasafivanala.lavagadakadavajo@example.com
r103,woinmasafivanala,lavagadakadavajo,29798342 pine rd,fairview,00020,1989,woinmasafivanala.lavagadakadavajo@example.com
r104,woinmasafivanala,lavagadakadavajo,29798342 pine rd,fairview,00020,1989,woinmasafivanala.lavagadakadavajo@example.com
r105,xetazejoorridama,kainwofiorxegaka,96288259 cedar ln,fairview,00021,1999,xetazejoorridama.kainwofiorxegaka@example.com
r106,xetazejoorridama,kainwofiorxegaka,96288259 cedar ln,fairview,00021,1999,xetazejoorridama.kainwofiorxegaka@example.com
r107,xetazejoorridama,kainwofiorxegaka,96288259 cedar ln,fairview,00021,1999,xetazejoorridama.kainwofiorxegaka@example.com
r108,xetazejoorridama,kainwofiorxegaka,96288259 cedar ln,fairview,00021,1999,xetazejoorridama.kainwofiorxegaka@example.com
r109,xetazejoorridama,kainwofiorxegaka,96288259 cedar ln,fairview,00021,1999,xetazejoorridama.kainwofiorxegaka@example.com
r110,yuell@c@zen@s@m@,joxejointapataka,62778176 main st,madison,00022,1974,yuell@c@zen@s@m@.joxejointapataka@example.com
r111,yuellacazenasama,joxejointapataka,62778176 main st,madison,00022,1974,yuellacazenasama.joxejointapataka@example.com
r112,yuellacazenasama,joxejointapataka,62778176 main st,madison,00022,1974,yuellacazenasama.joxejointapataka@example.com
r113,yuell@c@zen@s@m@,joxejointapataka,62778176 main st,madison,00022,1974,yuell@c@zen@s@m@.joxejointapataka@example.com
r114,yuellacazenasama,joxejointapataka,62778176 main st,madison,00022,1974,yuellacazenasama.joxejointapataka@example.com
r115,zeoryut@h@l@h@n@,inkazekayujogala,29268093 oak ave,bristol,00023,1961,zeoryut@h@l@h@n@.inkazekayujogala@example.com
r116,zeoryutahalahana,inkazekayujogala,29268093 oak ave,bristol,00023,1961,zeoryutahalahana.inkazekayujogala@example.com
r117,zeoryutahalahana,inkazekayujogala,29268093 oak ave,bristol,00023,1961,zeoryutahalahana.inkazekayujogala@example.com
r118,zeoryutahalahana,inkazekayujogala,29268093 oak ave,bristol,00023,1961,zeoryutahalahana.inkazekayujogala@example.com
r119,zeoryutahalahana,inkazekayujogala,29268093 oak ave,bristol,00023,1961,zeoryutahalahana.inkazekayujogala@example.com
r120,anbekalariinxena,hazemanacaeltala,95758010 elm st,georgetown,00024,1984,anbekalariinxena.hazemanacaeltala@example.com
r121,anbekalariinxena,hazemanacaeltala,95758010 elm st,georgetown,00024,1984,anbekalariinxena.hazemanacaeltala@example.com
r122,anbekalariinxena,hazemanacaeltala,95758010 elm st,georgetown,00024,1984,anbekalariinxena.hazemanacaeltala@example.com
r123,anbekalariinxena,hazemanacaeltala,95758010 elm st,georgetown,00024,1984,anbekalariinxena.hazemanacaeltala@example.com
r124,anbekalariinxena,hazemanacaeltala,95758010 elm st,georgetown,00024,1984,anbekalariinxena.hazemanacaeltala@example.com
r125,belaxedabegalaor,gamacarigayufima,62247927 cedar ln,salem,00025,2000,belaxedabegalaor.gamacarigayufima@example.com
r126,belaxedabegalaor,gamacarigayufima,62247927 cedar ln,salem,00025,2000,belaxedabegalaor.gamacarigayufima@example.com
r127,belaxedabegalaor,gamacarigayufima,62247927 cedar ln,salem,00025,2000,belaxedabegalaor.gamacarigayufima@example.com
r128,belaxedabegalaor,gamacarigayufima,62247927 cedar ln,salem,00025,2000,belaxedabegalaor.gamacarigayufima@example.com
r129,belaxedabegalaor,gamacarigayufima,62247927 cedar ln,salem,00025,2000,belaxedabegalaor.gamacarigayufima@example.com
r130,caxeinwojodabepa,fiberitakarisama,28737844 elm st,springfield,00026,1956,caxeinwojodabepa.fiberitakarisama@example.com
r131,caxeinwojodabepa,fiberitakarisama,28737844 elm st,springfield,00026,1956,caxeinwojodabepa.fiberitakarisama@example.com
r132,caxeinwojodabepa,fiberitakarisama,28737844 elm st,springfield,00026,1956,caxeinwojodabepa.fiberitakarisama@example.com
r133,caxeinwojodabepa,fiberitakarisama,28737844 elm st,springfield,00026,1956,caxeinwojodabepa.fiberitakarisama@example.com
r134,caxeinwojodabepa,fiberitakarisama,28737844 elm st,springfield,00026,1956,caxeinwojodabepa.fiberitakarisama@example.com
r135,dahawomataanpapa,elorfixeorkafina,95227761 main st,franklin,00027,2001,dahawomataanpapa.elorfixeorkafina@example.com
r136,dahawomataanpapa,elorfixeorkafina,95227761 main st,franklin,00027,2001,dahawomataanpapa.elorfixeorkafina@example.com
r137,dahawomataanpapa,elorfixeorkafina,95227761 main st,franklin,00027,2001,dahawomataanpapa.elorfixeorkafina@example.com
r138,d@h@wom@t@@np@p@,elorfixeorkafina,95227761 main st,franklin,00027,2001,d@h@wom@t@@np@p@.elorfixeorkafina@example.com
r139,dahawomataanpapa,elorfixeorkafina,95227761 main st,franklin,00027,2001,dahawomataanpapa.elorfixeorkafina@example.com
r140,elsahafidayuelri,dadavazetaelsana,61717678 oak ave,fairview,00028,1961,elsahafidayuelri.dadavazetaelsana@example.com
r141,elsahafidayuelri,dadavazetaelsana,61717678 oak ave,fairview,00028,1961,elsahafidayuelri.dadavazetaelsana@example.com
r142,elsahafidayuelri,dadavazetaelsana,61717678 oak ave,fairview,00028,1961,elsahafidayuelri.dadavazetaelsana@example.com
r143,elsahafidayuelri,dadavazetaelsana,61717678 oak ave,fairview,00028,1961,elsahafidayuelri.dadavazetaelsana@example.com
r144,elsahafidayuelri,dadavazetaelsana,61717678 oak ave,fairview,00028,1961,elsahafidayuelri.dadavazetaelsana@example.com
r145,fid@v@xel@v@t@ri,cariincazeyuelor,28207595 park blvd,bristol,00029,1953,fid@v@xel@v@t@ri.cariincazeyuelor@example.com
r146,fidavaxelavatari,cariincazeyuelor,28207595 park blvd,bristol,00029,1953,fidavaxelavatari.cariincazeyuelor@example.com
r147,fidavaxelavatari,cariincazeyuelor,28207595 park blvd,bristol,00029,1953,fidavaxelavatari.cariincazeyuelor@example.com
r148,fidavaxelavatari,cariincazeyuelor,28207595 park blvd,bristol,00029,1953,fidavaxelavatari.cariincazeyuelor@example.com
r149,fid@v@xel@v@t@ri,cariincazeyuelor,28207595 park blvd,bristol,00029,1953,fid@v@xel@v@t@ri.cariincazeyuelor@example.com
r150,ganagaorworiinsa,befiyueldasarior,94697512 pine rd,springfield,00030,1958,ganagaorworiinsa.befiyueldasarior@example.com
r151,ganagaorworiinsa,befiyueldasarior,94697512 pine rd,springfield,00030,1958,ganagaorworiinsa.befiyueldasarior@example.com
r152,ganagaorworiinsa,befiyueldasarior,94697512 pine rd,springfield,00030,1958,ganagaorworiinsa.befiyueldasarior@example.com
r153,ganagaorworiinsa,befiyueldasarior,94697512 pine rd,springfield,00030,1958,ganagaorworiinsa.befiyueldasarior@example.com
r154,ganagaorworiinsa,befiyueldasarior,94697512 pine rd,springfield,00030,1958,ganagaorworiinsa.befiyueldasarior@example.com
r155,hazesagafioryusa,antalahahalaelpa,61187429 elm st,clinton,00031,1942,hazesagafioryusa.antalahahalaelpa@example.com
r156,hazesagafioryusa,antalahahalaelpa,61187429 elm st,clinton,00031,1942,hazesagafioryusa.antalahahalaelpa@example.com
r157,hazesagafioryusa,antalahahalaelpa,61187429 elm st,clinton,00031,1942,hazesagafioryusa.antalahahalaelpa@example.com
r158,hazesagafioryusa,antalahahalaelpa,61187429 elm st,clinton,00031,1942,hazesagafioryusa.antalahahalaelpa@example.com
r159,hazesagafioryusa,antalahahalaelpa,61187429 elm st,clinton,00031,1942,hazesagafioryusa.antalahahalaelpa@example.com
r160,injofizenalamata,zegabekalafiripa,27677346 elm st,salem,00032,1955,injofizenalamata.zegabekalafiripa@example.com
r161,injofizenalamata,zegabekalafiripa,27677346 elm st,salem,00032,1955,injofizenalamata.zegabekalafiripa@example.com
r162,injofizenalamata,zegabekalafiripa,27677346 elm st,salem,00032,1955,injofizenalamata.zegabekalafiripa@example.com
r163,injofizenalamata,zegabekalafiripa,27677346 elm st,salem,00032,1955,injofizenalamata.zegabekalafiripa@example.com
r164,injofizenalamata,zegabekalafiripa,27677346 elm st,salem,00032,1955,injofizenalamata.zegabekalafiripa@example.com
r165,jovaripayuincava,yuvaormapazedari,94167263 park blvd,madison,00033,1950,jovaripayuincava.yuvaormapazedari@example.com
r166,jov@rip@yuinc@v@,yuvaormapazedari,94167263 park blvd,madison,00033,1950,jov@rip@yuinc@v@.yuvaormapazedari@example.com
r167,jovaripayuincava,yuvaormapazedari,94167263 park blvd,madison,00033,1950,jovaripayuincava.yuvaormapazedari@example.com
r168,jov@rip@yuinc@v@,yuvaormapazedari,94167263 park blvd,madison,00033,1950,jov@rip@yuinc@v@.yuvaormapazedari@example.com
r169,jovaripayuincava,yuvaormapazedari,94167263 park blvd,madison,00033,1950,jovaripayuincava.yuvaormapazedari@example.com
r170,kafielinhagariva,xeinelpavasapari,60657180 oak ave,springfield,00034,2003,kafielinhagariva.xeinelpavasapari@example.com
r171,kafielinhagariva,xeinelpavasapari,60657180 oak ave,springfield,00034,2003,kafielinhagariva.xeinelpavasapari@example.com
r172,kafielinhagariva,xeinelpavasapari,60657180 oak ave,springfield,00034,2003,kafielinhagariva.xeinelpavasapari@example.com
r173,kafielinhagariva,xeinelpavasapari,60657180 oak ave,springfield,00034,2003,kafielinhagariva.xeinelpavasapari@example.com
r174,kafielinhagariva,xeinelpavasapari,60657180 oak ave,springfield,00034,2003,kafielinhagariva.xeinelpavasapari@example.com
r175,lapapaanridagawo,woxesasazeladasa,27147097 cedar ln,springfield,00035,2001,lapapaanridagawo.woxesasazeladasa@example.com
r176,lapapaanridagawo,woxesasazeladasa,27147097 cedar ln,springfield,00035,2001,lapapaanridagawo.woxesasazeladasa@example.com
r177,lapapaanridagawo,woxesasazeladasa,27147097 cedar ln,springfield,00035,2001,lapapaanridagawo.woxesasazeladasa@example.com
r178,lapapaanridagawo,woxesasazeladasa,27147097 cedar ln,springfield,00035,2001,lapapaanridagawo.woxesasazeladasa@example.com
r179,lapapaanridagawo,woxesasazeladasa,27147097 cedar ln,springfield,00035,2001,lapapaanridagawo.woxesasazeladasa@example.com
r180,m@bed@s@@nbewowo,vakahawodagapasa,93637014 main st,springfield,00036,1955,m@bed@s@@nbewowo.vakahawodagapasa@example.com
r181,mabedasaanbewowo,vakahawodagapasa,93637014 main st,springfield,00036,1955,mabedasaanbewowo.vakahawodagapasa@example.com
r182,mabedasaanbewowo,vakahawodagapasa,93637014 main st,springfield,00036,1955,mabedasaanbewowo.vakahawodagapasa@example.com
r183,m@bed@s@@nbewowo,vakahawodagapasa,93637014 main st,springfield,00036,1955,m@bed@s@@nbewowo.vakahawodagapasa@example.com
r184,mabedasaanbewowo,vakahawodagapasa,93637014 main st,springfield,00036,1955,mabedasaanbewowo.vakahawodagapasa@example.com
r185,nalaorjojoyujoxe,tazewoyuhaandata,60126931 maple dr,salem,00037,1996,nalaorjojoyujoxe.tazewoyuhaandata@example.com
r186,nalaorjojoyujoxe,tazewoyuhaandata,60126931 maple dr,salem,00037,1996,nalaorjojoyujoxe.tazewoyuhaandata@example.com
r187,nalaorjojoyujoxe,tazewoyuhaandata,60126931 maple dr,salem,00037,1996,nalaorjojoyujoxe.tazewoyuhaandata@example.com
r188,nalaorjojoyujoxe,tazewoyuhaandata,60126931 maple dr,salem,00037,1996,nalaorjojoyujoxe.tazewoyuhaandata@example.com
r189,n@l@orjojoyujoxe,tazewoyuhaandata,60126931 maple dr,salem,00037,1996,n@l@orjojoyujoxe.tazewoyuhaandata@example.com
r190,orxebecatavazexe,samakabemataorta,26616848 main st,georgetown,00038,1953,orxebecatavazexe.samakabemataorta@example.com
r191,orxebec@t@v@zexe,samakabemataorta,26616848 main st,georgetown,00038,1953,orxebec@t@v@zexe.samakabemataorta@example.com
r192,orxebecatavazexe,samakabemataorta,26616848 main st,georgetown,00038,1953,orxebecatavazexe.samakabemataorta@example.com
r193,orxebecatavazexe,samakabemataorta,26616848 main st,georgetown,00038,1953,orxebecatavazexe.samakabemataorta@example.com
r194,orxebecatavazexe,samakabemataorta,26616848 main st,georgetown,00038,1953,orxebecatavazexe.samakabemataorta@example.com
r195,pahanatacasanayu,ribeanelrimacava,93106765 oak ave,clinton,00039,1943,pahanatacasanayu.ribeanelrimacava@example.com
r196,pahanatacasanayu,ribeanelrimacava,93106765 oak ave,clinton,00039,1943,pahanatacasanayu.ribeanelrimacava@example.com
r197,pahanatacasanayu,ribeanelrimacava,93106765 oak ave,clinton,00039,1943,pahanatacasanayu.ribeanelrimacava@example.com
r198,pahanatacasanayu,ribeanelrimacava,93106765 oak ave,clinton,00039,1943,pahanatacasanayu.ribeanelrimacava@example.com
r199,pahanatacasanayu,ribeanelrimacava,93106765 oak ave,clinton,00039,1943,pahanatacasanayu.ribeanelrimacava@example.com
r200,risaanlalaordaze,paornagawogaorva,59596682 washington ave,springfield,00040,1964,risaanlalaordaze.paornagawogaorva@example.com
r201,risaanlalaordaze,paornagawogaorva,59596682 washington ave,springfield,00040,1964,risaanlalaordaze.paornagawogaorva@example.com
r202,ris@@nl@l@ord@ze,paornagawogaorva,59596682 washington ave,springfield,00040,1964,ris@@nl@l@ord@ze.paornagawogaorva@example.com
r203,risaanlalaordaze,paornagawogaorva,59596682 washington ave,springfield,00040,1964,risaanlalaordaze.paornagawogaorva@example.com
r204,risaanlalaordaze,paornagawogaorva,59596682 washington ave,springfield,00040,1964,risaanlalaordaze.paornagawogaorva@example.com
r205,sadamadawolasaze,ordadajoanbecawo,26086599 pine rd,bristol,00041,1966,sadamadawolasaze.ordadajoanbecawo@example.com
r206,sadamadawolasaze,ordadajoanbecawo,26086599 pine rd,bristol,00041,1966,sadamadawolasaze.ordadajoanbecawo@example.com
r207,sadamadawolasaze,ordadajoanbecawo,26086599 pine rd,bristol,00041,1966,sadamadawolasaze.ordadajoanbecawo@example.com
r208,sadamadawolasaze,ordadajoanbecawo,26086599 pine rd,bristol,00041,1966,sadamadawolasaze.ordadajoanbecawo@example.com
r209,sadamadawolasaze,ordadajoanbecawo,26086599 pine rd,bristol,00041,1966,sadamadawolasaze.ordadajoanbecawo@example.com
r210,tanazevaeljohaan,naririlaelvanawo,92576516 cedar ln,salem,00042,1958,tanazevaeljohaan.naririlaelvanawo@example.com
r211,tanazevaeljohaan,naririlaelvanawo,92576516 cedar ln,salem,00042,1958,tanazevaeljohaan.naririlaelvanawo@example.com
r212,tanazevaeljohaan,naririlaelvanawo,92576516 cedar ln,salem,00042,1958,tanazevaeljohaan.naririlaelvanawo@example.com
r213,tanazevaeljohaan,naririlaelvanawo,92576516 cedar ln,salem,00042,1958,tanazevaeljohaan.naririlaelvanawo@example.com
r214,tanazevaeljohaan,naririlaelvanawo,92576516 cedar ln,salem,00042,1958,tanazevaeljohaan.naririlaelvanawo@example.com
r215,vazekamanagaxean,mafigaorinnabexe,59066433 cedar ln,salem,00043,1974,vazekamanagaxean.mafigaorinnabexe@example.com
r216,vazekamanagaxean,mafigaorinnabexe,59066433 cedar ln,salem,00043,1974,vazekamanagaxean.mafigaorinnabexe@example.com
r217,vazekamanagaxean,mafigaorinnabexe,59066433 cedar ln,salem,00043,1974,vazekamanagaxean.mafigaorinnabexe@example.com
r218,vazekamanagaxean,mafigaorinnabexe,59066433 cedar ln,salem,00043,1974,vazekamanagaxean.mafigaorinnabexe@example.com
r219,vazekamanagaxean,mafigaorinnabexe,59066433 cedar ln,salem,00043,1974,vazekamanagaxean.mafigaorinnabexe@example.com
r220,wojoyuelyudalabe,latavarimahanaxe,25556350 cedar ln,franklin,00044,1979,wojoyuelyudalabe.latavarimahanaxe@example.com
r221,wojoyuelyudalabe,latavarimahanaxe,25556350 cedar ln,franklin,00044,1979,wojoyuelyudalabe.latavarimahanaxe@example.com
r222,wojoyuelyudalabe,latavarimahanaxe,25556350 cedar ln,franklin,00044,1979,wojoyuelyudalabe.latavarimahanaxe@example.com
r223,wojoyuelyudalabe,latavarimahanaxe,25556350 cedar ln,franklin,00044,1979,wojoyuelyudalabe.latavarimahanaxe@example.com
r224,wojoyuelyudalabe,latavarimahanaxe,25556350 cedar ln,franklin,00044,1979,wojoyuelyudalabe.latavarimahanaxe@example.com
r225,xevajoxegabebeca,kahajovaribebeyu,92046267 oak ave,clinton,00045,1988,xevajoxegabebeca.kahajovaribebeyu@example.com
r226,xevajoxegabebeca,kahajovaribebeyu,92046267 oak ave,clinton,00045,1988,xevajoxegabebeca.kahajovaribebeyu@example.com
r227,xev@joxeg@bebec@,kahajovaribebeyu,92046267 oak ave,clinton,00045,1988,xev@joxeg@bebec@.kahajovaribebeyu@example.com
r228,xevajoxegabebeca,kahajovaribebeyu,92046267 oak ave,clinton,00045,1988,xevajoxegabebeca.kahajovaribebeyu@example.com
r229,xevajoxegabebeca,kahajovaribebeyu,92046267 oak ave,clinton,00045,1988,xevajoxegabebeca.kahajovaribebeyu@example.com
r230,yufixenapayuorca,jowoyuxewovamayu,58536184 cedar ln,fairview,00046,1992,yufixenapayuorca.jowoyuxewovamayu@example.com
r231,yufixenapayuorca,jowoyuxewovamayu,58536184 cedar ln,fairview,00046,1992,yufixenapayuorca.jowoyuxewovamayu@example.com
r232,yufixenapayuorca,jowoyuxewovamayu,58536184 cedar ln,fairview,00046,1992,yufixenapayuorca.jowoyuxewovamayu@example.com
r233,yufixenapayuorca,jowoyuxewovamayu,58536184 cedar ln,fairview,00046,1992,yufixenapayuorca.jowoyuxewovamayu@example.com
r234,yufixenapayuorca,jowoyuxewovamayu,58536184 cedar ln,fairview,00046,1992,yufixenapayuorca.jowoyuxewovamayu@example.com
r235,zepaingaanwoelda,injomaanbeoranze,25026101 maple dr,springfield,00047,1962,zepaingaanwoelda.injomaanbeoranze@example.com
r236,zep@ing@@nwoeld@,injomaanbeoranze,25026101 maple dr,springfield,00047,1962,zep@ing@@nwoeld@.injomaanbeoranze@example.com
r237,zepaingaanwoelda,injomaanbeoranze,25026101 maple dr,springfield,00047,1962,zepaingaanwoelda.injomaanbeoranze@example.com
r238,zepaingaanwoelda,injomaanbeoranze,25026101 maple dr,springfield,00047,1962,zepaingaanwoelda.injomaanbeoranze@example.com
r239,zepaingaanwoelda,injomaanbeoranze,25026101 maple dr,springfield,00047,1962,zepaingaanwoelda.injomaanbeoranze@example.com
r240,ancawoyuinsatada,hayubedafiinmaze,91516018 maple dr,fairview,00048,1950,ancawoyuinsatada.hayubedafiinmaze@example.com
r241,ancawoyuinsatada,hayubedafiinmaze,91516018 maple dr,fairview,00048,1950,ancawoyuinsatada.hayubedafiinmaze@example.com
r242,ancawoyuinsatada,hayubedafiinmaze,91516018 maple dr,fairview,00048,1950,ancawoyuinsatada.hayubedafiinmaze@example.com
r243,ancawoyuinsatada,hayubedafiinmaze,91516018 maple dr,fairview,00048,1950,ancawoyuinsatada.hayubedafiinmaze@example.com
r244,@nc@woyuins@t@d@,hayubedafiinmaze,91516018 maple dr,fairview,00048,1950,@nc@woyuins@t@d@.hayubedafiinmaze@example.com
r245,bemahapasaorinel,galapafijocaanan,58005935 oak ave,springfield,00049,1991,bemahapasaorinel.galapafijocaanan@example.com
r246,bem@h@p@s@orinel,galapafijocaanan,58005935 oak ave,springfield,00049,1991,bem@h@p@s@orinel.galapafijocaanan@example.com
r247,bemahapasaorinel,galapafijocaanan,58005935 oak ave,springfield,00049,1991,bemahapasaorinel.galapafijocaanan@example.com
r248,bemahapasaorinel,galapafijocaanan,58005935 oak ave,springfield,00049,1991,bemahapasaorinel.galapafijocaanan@example.com
r249,bemahapasaorinel,galapafijocaanan,58005935 oak ave,springfield,00049,1991,bemahapasaorinel.galapafijocaanan@example.com
r250,cayutahacamayuel,fianfiinnawolaan,24495852 washington ave,franklin,00050,1970,cayutahacamayuel.fianfiinnawolaan@example.com
r251,cayutahacamayuel,fianfiinnawolaan,24495852 washington ave,franklin,00050,1970,cayutahacamayuel.fianfiinnawolaan@example.com
r252,cayutahacamayuel,fianfiinnawolaan,24495852 washington ave,franklin,00050,1970,cayutahacamayuel.fianfiinnawolaan@example.com
r253,c@yut@h@c@m@yuel,fianfiinnawolaan,24495852 washington ave,franklin,00050,1970,c@yut@h@c@m@yuel.fianfiinnawolaan@example.com
r254,cayutahacamayuel,fianfiinnawolaan,24495852 washington ave,franklin,00050,1970,cayutahacamayuel.fianfiinnawolaan@example.com
r255,daingaanlajomafi,elnatakasaorzean,90985769 maple dr,madison,00051,1978,daingaanlajomafi.elnatakasaorzean@example.com
r256,daingaanlajomafi,elnatakasaorzean,90985769 maple dr,madison,00051,1978,daingaanlajomafi.elnatakasaorzean@example.com
r257,daingaanlajomafi,elnatakasaorzean,90985769 maple dr,madison,00051,1978,daingaanlajomafi.elnatakasaorzean@example.com
r258,d@ing@@nl@jom@fi,elnatakasaorzean,90985769 maple dr,madison,00051,1978,d@ing@@nl@jom@fi.elnatakasaorzean@example.com
r259,daingaanlajomafi,elnatakasaorzean,90985769 maple dr,madison,00051,1978,daingaanlajomafi.elnatakasaorzean@example.com
r260,eltasarivagacaga,dacainnaxeinlabe,57475686 park blvd,franklin,00052,1945,eltasarivagacaga.dacainnaxeinlabe@example.com
r261,eltasarivagacaga,dacainnaxeinlabe,57475686 park blvd,franklin,00052,1945,eltasarivagacaga.dacainnaxeinlabe@example.com
r262,eltasarivagacaga,dacainnaxeinlabe,57475686 park blvd,franklin,00052,1945,eltasarivagacaga.dacainnaxeinlabe@example.com
r263,eltasarivagacaga,dacainnaxeinlabe,57475686 park blvd,franklin,00052,1945,eltasarivagacaga.dacainnaxeinlabe@example.com
r264,eltasarivagacaga,dacainnaxeinlabe,57475686 park blvd,franklin,00052,1945,eltasarivagacaga.dacainnaxeinlabe@example.com
r265,fielfijoelelriga,capaxepabedazebe,23965603 elm st,fairview,00053,1986,fielfijoelelriga.capaxepabedazebe@example.com
r266,fielfijoelelriga,capaxepabedazebe,23965603 elm st,fairview,00053,1986,fielfijoelelriga.capaxepabedazebe@example.com
r267,fielfijoelelriga,capaxepabedazebe,23965603 elm st,fairview,00053,1986,fielfijoelelriga.capaxepabedazebe@example.com
r268,fielfijoelelriga,capaxepabedazebe,23965603 elm st,fairview,00053,1986,fielfijoelelriga.capaxepabedazebe@example.com
r269,fielfijoelelriga,capaxepabedazebe,23965603 elm st,fairview,00053,1986,fielfijoelelriga.capaxepabedazebe@example.com
r270,g@orriben@beg@h@,beellatafixekaca,90455520 maple dr,franklin,00054,1993,g@orriben@beg@h@.beellatafixekaca@example.com
r271,gaorribenabegaha,beellatafixekaca,90455520 maple dr,franklin,00054,1993,gaorribenabegaha.beellatafixekaca@example.com
r272,g@orriben@beg@h@,beellatafixekaca,90455520 maple dr,franklin,00054,1993,g@orriben@beg@h@.beellatafixekaca@example.com
r273,gaorribenabegaha,beellatafixekaca,90455520 maple dr,franklin,00054,1993,gaorribenabegaha.beellatafixekaca@example.com
r274,gaorribenabegaha,beellatafixekaca,90455520 maple dr,franklin,00054,1993,gaorribenabegaha.beellatafixekaca@example.com
r275,haaneltaxeyuvaha,ansaanxejopayuca,56945437 maple dr,salem,00055,1984,haaneltaxeyuvaha.ansaanxejopayuca@example.com
r276,haaneltaxeyuvaha,ansaanxejopayuca,56945437 maple dr,salem,00055,1984,haaneltaxeyuvaha.ansaanxejopayuca@example.com
r277,haaneltaxeyuvaha,ansaanxejopayuca,56945437 maple dr,salem,00055,1984,haaneltaxeyuvaha.ansaanxejopayuca@example.com
r278,haaneltaxeyuvaha,ansaanxejopayuca,56945437 maple dr,salem,00055,1984,haaneltaxeyuvaha.ansaanxejopayuca@example.com
r279,haaneltaxeyuvaha,ansaanxejopayuca,56945437 maple dr,salem,00055,1984,haaneltaxeyuvaha.ansaanxejopayuca@example.com
r280,inkapakagawojoin,zefiorzenajokada,23435354 main st,salem,00056,1986,inkapakagawojoin.zefiorzenajokada@example.com
r281,inkapakagawojoin,zefiorzenajokada,23435354 main st,salem,00056,1986,inkapakagawojoin.zefiorzenajokada@example.com
r282,inkapakagawojoin,zefiorzenajokada,23435354 main st,salem,00056,1986,inkapakagawojoin.zefiorzenajokada@example.com
r283,inkapakagawojoin,zefiorzenajokada,23435354 main st,salem,00056,1986,inkapakagawojoin.zefiorzenajokada@example.com
r284,inkapakagawojoin,zefiorzenajokada,23435354 main st,salem,00056,1986,inkapakagawojoin.zefiorzenajokada@example.com
r285,jowocadapasazein,yutadacatadayuda,89925271 pine rd,franklin,00057,1955,jowocadapasazein.yutadacatadayuda@example.com
r286,jowocadapasazein,yutadacatadayuda,89925271 pine rd,franklin,00057,1955,jowocadapasazein.yutadacatadayuda@example.com
r287,jowocadapasazein,yutadacatadayuda,89925271 pine rd,franklin,00057,1955,jowocadapasazein.yutadacatadayuda@example.com
r288,jowocadapasazein,yutadacatadayuda,89925271 pine rd,franklin,00057,1955,jowocadapasazein.yutadacatadayuda@example.com
r289,jowocadapasazein,yutadacatadayuda,89925271 pine rd,franklin,00057,1955,jowocadapasazein.yutadacatadayuda@example.com
r290,kagaorvazeornajo,xehasaelyuxejoel,56415188 elm st,franklin,00058,1976,kagaorvazeornajo.xehasaelyuxejoel@example.com
r291,kagaorvazeornajo,xehasaelyuxejoel,56415188 elm st,franklin,00058,1976,kagaorvazeornajo.xehasaelyuxejoel@example.com
r292,kagaorvazeornajo,xehasaelyuxejoel,56415188 elm st,franklin,00058,1976,kagaorvazeornajo.xehasaelyuxejoel@example.com
r293,kagaorvazeornajo,xehasaelyuxejoel,56415188 elm st,franklin,00058,1976,kagaorvazeornajo.xehasaelyuxejoel@example.com
r294,kagaorvazeornajo,xehasaelyuxejoel,56415188 elm st,franklin,00058,1976,kagaorvazeornajo.xehasaelyuxejoel@example.com
r295,laribemainmadaka,wowogahacarixeel,22905105 elm st,madison,00059,1961,laribemainmadaka.wowogahacarixeel@example.com
r296,laribemainmadaka,wowogahacarixeel,22905105 elm st,madison,00059,1961,laribemainmadaka.wowogahacarixeel@example.com
r297,l@ribem@inm@d@k@,wowogahacarixeel,22905105 elm st,madison,00059,1961,l@ribem@inm@d@k@.wowogahacarixeel@example.com
r298,l@ribem@inm@d@k@,wowogahacarixeel,22905105 elm st,madison,00059,1961,l@ribem@inm@d@k@.wowogahacarixeel@example.com
r299,laribemainmadaka,wowogahacarixeel,22905105 elm st,madison,00059,1961,laribemainmadaka.wowogahacarixeel@example.com
r300,macanaelsajosaka,vajowojogakajofi,89395022 pine rd,madison,00060,1981,macanaelsajosaka.vajowojogakajofi@example.com
r301,macanaelsajosaka,vajowojogakajofi,89395022 pine rd,madison,00060,1981,macanaelsajosaka.vajowojogakajofi@example.com
r302,macanaelsajosaka,vajowojogakajofi,89395022 pine rd,madison,00060,1981,macanaelsajosaka.vajowojogakajofi@example.com
r303,macanaelsajosaka,vajowojogakajofi,89395022 pine rd,madison,00060,1981,macanaelsajosaka.vajowojogakajofi@example.com
r304,macanaelsajosaka,vajowojogakajofi,89395022 pine rd,madison,00060,1981,macanaelsajosaka.vajowojogakajofi@example.com
r305,namaanxebehahala,tayujomakaelxefi,55884939 oak ave,franklin,00061,1964,namaanxebehahala.tayujomakaelxefi@example.com
r306,namaanxebehahala,tayujomakaelxefi,55884939 oak ave,franklin,00061,1964,namaanxebehahala.tayujomakaelxefi@example.com
r307,namaanxebehahala,tayujomakaelxefi,55884939 oak ave,franklin,00061,1964,namaanxebehahala.tayujomakaelxefi@example.com
r308,n@m@@nxebeh@h@l@,tayujomakaelxefi,55884939 oak ave,franklin,00061,1964,n@m@@nxebeh@h@l@.tayujomakaelxefi@example.com
r309,namaanxebehahala,tayujomakaelxefi,55884939 oak ave,franklin,00061,1964,namaanxebehahala.tayujomakaelxefi@example.com
r310,oryulanakaelxela,salazeororyuinga,22374856 elm st,georgetown,00062,1958,oryulanakaelxela.salazeororyuinga@example.com
r311,oryulanakaelxela,salazeororyuinga,22374856 elm st,georgetown,00062,1958,oryulanakaelxela.salazeororyuinga@example.com
r312,oryulanakaelxela,salazeororyuinga,22374856 elm st,georgetown,00062,1958,oryulanakaelxela.salazeororyuinga@example.com
r313,oryulanakaelxela,salazeororyuinga,22374856 elm st,georgetown,00062,1958,oryulanakaelxela.salazeororyuinga@example.com
r314,oryulanakaelxela,salazeororyuinga,22374856 elm st,georgetown,00062,1958,oryulanakaelxela.salazeororyuinga@example.com
r315,painzefivabelama,riannasatariwoga,88864773 elm st,bristol,00063,1999,painzefivabelama.riannasatariwoga@example.com
r316,painzefivabelama,riannasatariwoga,88864773 elm st,bristol,00063,1999,painzefivabelama.riannasatariwoga@example.com
r317,painzefivabelama,riannasatariwoga,88864773 elm st,bristol,00063,1999,painzefivabelama.riannasatariwoga@example.com
r318,painzefivabelama,riannasatariwoga,88864773 elm st,bristol,00063,1999,painzefivabelama.riannasatariwoga@example.com
r319,painzefivabelama,riannasatariwoga,88864773 elm st,bristol,00063,1999,painzefivabelama.riannasatariwoga@example.com
r320,ritakayudazeanna,panacawoyukainha,55354690 cedar ln,clinton,00064,1952,ritakayudazeanna.panacawoyukainha@example.com
r321,ritakayudazeanna,panacawoyukainha,55354690 cedar ln,clinton,00064,1952,ritakayudazeanna.panacawoyukainha@example.com
r322,ritakayudazeanna,panacawoyukainha,55354690 cedar ln,clinton,00064,1952,ritakayudazeanna.panacawoyukainha@example.com
r323,ritakayudazeanna,panacawoyukainha,55354690 cedar ln,clinton,00064,1952,ritakayudazeanna.panacawoyukainha@example.com
r324,ritakayudazeanna,panacawoyukainha,55354690 cedar ln,clinton,00064,1952,ritakayudazeanna.panacawoyukainha@example.com
r325,saelyuormawoorna,orcariyucafiwoha,21844607 pine rd,fairview,00065,1941,saelyuormawoorna.orcariyucafiwoha@example.com
r326,s@elyuorm@woorn@,orcariyucafiwoha,21844607 pine rd,fairview,00065,1941,s@elyuorm@woorn@.orcariyucafiwoha@example.com
r327,saelyuormawoorna,orcariyucafiwoha,21844607 pine rd,fairview,00065,1941,saelyuormawoorna.orcariyucafiwoha@example.com
r328,saelyuormawoorna,orcariyucafiwoha,21844607 pine rd,fairview,00065,1941,saelyuormawoorna.orcariyucafiwoha@example.com
r329,saelyuormawoorna,orcariyucafiwoha,21844607 pine rd,fairview,00065,1941,saelyuormawoorna.orcariyucafiwoha@example.com
r330,taorjohaxesaelor,napafibehazehain,88334524 pine rd,georgetown,00066,1978,taorjohaxesaelor.napafibehazehain@example.com
r331,taorjohaxesaelor,napafibehazehain,88334524 pine rd,georgetown,00066,1978,taorjohaxesaelor.napafibehazehain@example.com
r332,taorjohaxesaelor,napafibehazehain,88334524 pine rd,georgetown,00066,1978,taorjohaxesaelor.napafibehazehain@example.com
r333,taorjohaxesaelor,napafibehazehain,88334524 pine rd,georgetown,00066,1978,taorjohaxesaelor.napafibehazehain@example.com
r334,taorjohaxesaelor,napafibehazehain,88334524 pine rd,georgetown,00066,1978,taorjohaxesaelor.napafibehazehain@example.com
r335,v@@nxezefip@t@or,maelvadalasavain,54824441 washington ave,bristol,00067,1989,v@@nxezefip@t@or.maelvadalasavain@example.com
r336,vaanxezefipataor,maelvadalasavain,54824441 washington ave,bristol,00067,1989,vaanxezefipataor.maelvadalasavain@example.com
r337,vaanxezefipataor,maelvadalasavain,54824441 washington ave,bristol,00067,1989,vaanxezefipataor.maelvadalasavain@example.com
r338,vaanxezefipataor,maelvadalasavain,54824441 washington ave,bristol,00067,1989,vaanxezefipataor.maelvadalasavain@example.com
r339,vaanxezefipataor,maelvadalasavain,54824441 washington ave,bristol,00067,1989,vaanxezefipataor.maelvadalasavain@example.com
r340,wokainriormainpa,lasaingapalahajo,21314358 oak ave,clinton,00068,1983,wokainriormainpa.lasaingapalahajo@example.com
r341,wokainriormainpa,lasaingapalahajo,21314358 oak ave,clinton,00068,1983,wokainriormainpa.lasaingapalahajo@example.com
r342,wokainriormainpa,lasaingapalahajo,21314358 oak ave,clinton,00068,1983,wokainriormainpa.lasaingapalahajo@example.com
r343,wokainriormainpa,lasaingapalahajo,21314358 oak ave,clinton,00068,1983,wokainriormainpa.lasaingapalahajo@example.com
r344,wokainriormainpa,lasaingapalahajo,21314358 oak ave,clinton,00068,1983,wokainriormainpa.lasaingapalahajo@example.com
r345,xewovainzejoyupa,kagayuinvafivajo,87804275 elm st,georgetown,00069,1945,xewovainzejoyupa.kagayuinvafivajo@example.com
r346,xewovainzejoyupa,kagayuinvafivajo,87804275 elm st,georgetown,00069,1945,xewovainzejoyupa.kagayuinvafivajo@example.com
r347,xewovainzejoyupa,kagayuinvafivajo,87804275 elm st,georgetown,00069,1945,xewovainzejoyupa.kagayuinvafivajo@example.com
r348,xewovainzejoyupa,kagayuinvafivajo,87804275 elm st,georgetown,00069,1945,xewovainzejoyupa.kagayuinvafivajo@example.com
r349,xewovainzejoyupa,kagayuinvafivajo,87804275 elm st,georgetown,00069,1945,xewovainzejoyupa.kagayuinvafivajo@example.com
r350,yugahabeinhamari,jovalalazezegaka,54294192 maple dr,franklin,00070,1990,yugahabeinhamari.jovalalazezegaka@example.com
r351,yug@h@beinh@m@ri,jovalalazezegaka,54294192 maple dr,franklin,00070,1990,yug@h@beinh@m@ri.jovalalazezegaka@example.com
r352,yugahabeinhamari,jovalalazezegaka,54294192 maple dr,franklin,00070,1990,yugahabeinhamari.jovalalazezegaka@example.com
r353,yugahabeinhamari,jovalalazezegaka,54294192 maple dr,franklin,00070,1990,yugahabeinhamari.jovalalazezegaka@example.com
r354,yugahabeinhamari,jovalalazezegaka,54294192 maple dr,franklin,00070,1990,yugahabeinhamari.jovalalazezegaka@example.com
r355,zeritasarielcasa,ininbeordatataka,20784109 oak ave,franklin,00071,1953,zeritasarielcasa.ininbeordatataka@example.com
r356,zeritasarielcasa,ininbeordatataka,20784109 oak ave,franklin,00071,1953,zeritasarielcasa.ininbeordatataka@example.com
r357,zeritasarielcasa,ininbeordatataka,20784109 oak ave,franklin,00071,1953,zeritasarielcasa.ininbeordatataka@example.com
r358,zerit@s@rielc@s@,ininbeordatataka,20784109 oak ave,franklin,00071,1953,zerit@s@rielc@s@.ininbeordatataka@example.com
r359,zeritasarielcasa,ininbeordatataka,20784109 oak ave,franklin,00071,1953,zeritasarielcasa.ininbeordatataka@example.com
r360,@nd@g@k@bec@ris@,haxeorrihamagala,87274026 washington ave,salem,00072,1982,@nd@g@k@bec@ris@.haxeorrihamagala@example.com
r361,andagakabecarisa,haxeorrihamagala,87274026 washington ave,salem,00072,1982,andagakabecarisa.haxeorrihamagala@example.com
r362,andagakabecarisa,haxeorrihamagala,87274026 washington ave,salem,00072,1982,andagakabecarisa.haxeorrihamagala@example.com
r363,andagakabecarisa,haxeorrihamagala,87274026 washington ave,salem,00072,1982,andagakabecarisa.haxeorrihamagala@example.com
r364,andagakabecarisa,haxeorrihamagala,87274026 washington ave,salem,00072,1982,andagakabecarisa.haxeorrihamagala@example.com
r365,benasacakazefita,gakaelvalagatala,53763943 maple dr,bristol,00073,1950,benasacakazefita.gakaelvalagatala@example.com
r366,benasacakazefita,gakaelvalagatala,53763943 maple dr,bristol,00073,1950,benasacakazefita.gakaelvalagatala@example.com
r367,ben@s@c@k@zefit@,gakaelvalagatala,53763943 maple dr,bristol,00073,1950,ben@s@c@k@zefit@.gakaelvalagatala@example.com
r368,benasacakazefita,gakaelvalagatala,53763943 maple dr,bristol,00073,1950,benasacakazefita.gakaelvalagatala@example.com
r369,benasacakazefita,gakaelvalagatala,53763943 maple dr,bristol,00073,1950,benasacakazefita.gakaelvalagatala@example.com
r370,cazeelvatawovata,fizesaxepaangama,20253860 maple dr,georgetown,00074,1985,cazeelvatawovata.fizesaxepaangama@example.com
r371,cazeelvatawovata,fizesaxepaangama,20253860 maple dr,georgetown,00074,1985,cazeelvatawovata.fizesaxepaangama@example.com
r372,c@zeelv@t@wov@t@,fizesaxepaangama,20253860 maple dr,georgetown,00074,1985,c@zeelv@t@wov@t@.fizesaxepaangama@example.com
r373,cazeelvatawovata,fizesaxepaangama,20253860 maple dr,georgetown,00074,1985,cazeelvatawovata.fizesaxepaangama@example.com
r374,c@zeelv@t@wov@t@,fizesaxepaangama,20253860 maple dr,georgetown,00074,1985,c@zeelv@t@wov@t@.fizesaxepaangama@example.com
r375,dajoriladatajova,elmahaanwotasama,86743777 elm st,madison,00075,1990,dajoriladatajova.elmahaanwotasama@example.com
r376,dajoriladatajova,elmahaanwotasama,86743777 elm st,madison,00075,1990,dajoriladatajova.elmahaanwotasama@example.com
r377,dajoriladatajova,elmahaanwotasama,86743777 elm st,madison,00075,1990,dajoriladatajova.elmahaanwotasama@example.com
r378,dajoriladatajova,elmahaanwotasama,86743777 elm st,madison,00075,1990,dajoriladatajova.elmahaanwotasama@example.com
r379,dajoriladatajova,elmahaanwotasama,86743777 elm st,madison,00075,1990,dajoriladatajova.elmahaanwotasama@example.com
r380,elv@d@elm@p@zev@,dabexecaannafina,53233694 maple dr,fairview,00076,1990,elv@d@elm@p@zev@.dabexecaannafina@example.com
r381,elvadaelmapazeva,dabexecaannafina,53233694 maple dr,fairview,00076,1990,elvadaelmapazeva.dabexecaannafina@example.com
r382,elvadaelmapazeva,dabexecaannafina,53233694 maple dr,fairview,00076,1990,elvadaelmapazeva.dabexecaannafina@example.com
r383,elvadaelmapazeva,dabexecaannafina,53233694 maple dr,fairview,00076,1990,elvadaelmapazeva.dabexecaannafina@example.com
r384,elvadaelmapazeva,dabexecaannafina,53233694 maple dr,fairview,00076,1990,elvadaelmapazeva.dabexecaannafina@example.com
r385,fifipawowomanawo,caorkafielhasana,19723611 washington ave,georgetown,00077,1986,fifipawowomanawo.caorkafielhasana@example.com
r386,fifipawowomanawo,caorkafielhasana,19723611 washington ave,georgetown,00077,1986,fifipawowomanawo.caorkafielhasana@example.com
r387,fifipawowomanawo,caorkafielhasana,19723611 washington ave,georgetown,00077,1986,fifipawowomanawo.caorkafielhasana@example.com
r388,fifipawowomanawo,caorkafielhasana,19723611 washington ave,georgetown,00077,1986,fifipawowomanawo.caorkafielhasana@example.com
r389,fifipawowomanawo,caorkafielhasana,19723611 washington ave,georgetown,00077,1986,fifipawowomanawo.caorkafielhasana@example.com
r390,gapacanafikadaxe,bedaanininbefior,86213528 washington ave,franklin,00078,1967,gapacanafikadaxe.bedaanininbefior@example.com
r391,gapacanafikadaxe,bedaanininbefior,86213528 washington ave,franklin,00078,1967,gapacanafikadaxe.bedaanininbefior@example.com
r392,gapacanafikadaxe,bedaanininbefior,86213528 washington ave,franklin,00078,1967,gapacanafikadaxe.bedaanininbefior@example.com
r393,gapacanafikadaxe,bedaanininbefior,86213528 washington ave,franklin,00078,1967,gapacanafikadaxe.bedaanininbefior@example.com
r394,gapacanafikadaxe,bedaanininbefior,86213528 washington ave,franklin,00078,1967,gapacanafikadaxe.bedaanininbefior@example.com
r395,habeorfiorhasaxe,anrinakamavarior,52703445 oak ave,clinton,00079,1954,habeorfiorhasaxe.anrinakamavarior@example.com
r396,habeorfiorhasaxe,anrinakamavarior,52703445 oak ave,clinton,00079,1954,habeorfiorhasaxe.anrinakamavarior@example.com
r397,h@beorfiorh@s@xe,anrinakamavarior,52703445 oak ave,clinton,00079,1954,h@beorfiorh@s@xe.anrinakamavarior@example.com
r398,habeorfiorhasaxe,anrinakamavarior,52703445 oak ave,clinton,00079,1954,habeorfiorhasaxe.anrinakamavarior@example.com
r399,h@beorfiorh@s@xe,anrinakamavarior,52703445 oak ave,clinton,00079,1954,h@beorfiorh@s@xe.anrinakamavarior@example.com
r400,inlabeyuyuelhayu,zeeldanarinaelpa,19193362 oak ave,fairview,00080,1994,inlabeyuyuelhayu.zeeldanarinaelpa@example.com
r401,inlabeyuyuelhayu,zeeldanarinaelpa,19193362 oak ave,fairview,00080,1994,inlabeyuyuelhayu.zeeldanarinaelpa@example.com
r402,inlabeyuyuelhayu,zeeldanarinaelpa,19193362 oak ave,fairview,00080,1994,inlabeyuyuelhayu.zeeldanarinaelpa@example.com
r403,inlabeyuyuelhayu,zeeldanarinaelpa,19193362 oak ave,fairview,00080,1994,inlabeyuyuelhayu.zeeldanarinaelpa@example.com
r404,inlabeyuyuelhayu,zeeldanarinaelpa,19193362 oak ave,fairview,00080,1994,inlabeyuyuelhayu.zeeldanarinaelpa@example.com
r405,joxemaorhacaxeyu,yusaripawoharipa,85683279 main st,salem,00081,1979,joxemaorhacaxeyu.yusaripawoharipa@example.com
r406,joxemaorhacaxeyu,yusaripawoharipa,85683279 main st,salem,00081,1979,joxemaorhacaxeyu.yusaripawoharipa@example.com
r407,joxemaorhacaxeyu,yusaripawoharipa,85683279 main st,salem,00081,1979,joxemaorhacaxeyu.yusaripawoharipa@example.com
r408,joxemaorhacaxeyu,yusaripawoharipa,85683279 main st,salem,00081,1979,joxemaorhacaxeyu.yusaripawoharipa@example.com
r409,joxemaorhacaxeyu,yusaripawoharipa,85683279 main st,salem,00081,1979,joxemaorhacaxeyu.yusaripawoharipa@example.com
r410,kahaanharizekaze,xegagataancaelri,52173196 oak ave,georgetown,00082,1959,kahaanharizekaze.xegagataancaelri@example.com
r411,kahaanharizekaze,xegagataancaelri,52173196 oak ave,georgetown,00082,1959,kahaanharizekaze.xegagataancaelri@example.com
r412,kahaanharizekaze,xegagataancaelri,52173196 oak ave,georgetown,00082,1959,kahaanharizekaze.xegagataancaelri@example.com
r413,kahaanharizekaze,xegagataancaelri,52173196 oak ave,georgetown,00082,1959,kahaanharizekaze.xegagataancaelri@example.com
r414,kahaanharizekaze,xegagataancaelri,52173196 oak ave,georgetown,00082,1959,kahaanharizekaze.xegagataancaelri@example.com
r415,lasalazeanxeanan,wovavawoelwopari,18663113 pine rd,bristol,00083,1968,lasalazeanxeanan.wovavawoelwopari@example.com
r416,lasalazeanxeanan,wovavawoelwopari,18663113 pine rd,bristol,00083,1968,lasalazeanxeanan.wovavawoelwopari@example.com
r417,lasalazeanxeanan,wovavawoelwopari,18663113 pine rd,bristol,00083,1968,lasalazeanxeanan.wovavawoelwopari@example.com
r418,lasalazeanxeanan,wovavawoelwopari,18663113 pine rd,bristol,00083,1968,lasalazeanxeanan.wovavawoelwopari@example.com
r419,lasalazeanxeanan,wovavawoelwopari,18663113 pine rd,bristol,00083,1968,lasalazeanxeanan.wovavawoelwopari@example.com
r420,madazepajotaoran,vainjozeinordasa,85153030 oak ave,clinton,00084,1990,madazepajotaoran.vainjozeinordasa@example.com
r421,madazepajotaoran,vainjozeinordasa,85153030 oak ave,clinton,00084,1990,madazepajotaoran.vainjozeinordasa@example.com
r422,madazepajotaoran,vainjozeinordasa,85153030 oak ave,clinton,00084,1990,madazepajotaoran.vainjozeinordasa@example.com
r423,madazepajotaoran,vainjozeinordasa,85153030 oak ave,clinton,00084,1990,madazepajotaoran.vainjozeinordasa@example.com
r424,madazepajotaoran,vainjozeinordasa,85153030 oak ave,clinton,00084,1990,madazepajotaoran.vainjozeinordasa@example.com
r425,nanakaintapaelbe,taxeyubenainpasa,51642947 pine rd,bristol,00085,1945,nanakaintapaelbe.taxeyubenainpasa@example.com
r426,nanakaintapaelbe,taxeyubenainpasa,51642947 pine rd,bristol,00085,1945,nanakaintapaelbe.taxeyubenainpasa@example.com
r427,nanakaintapaelbe,taxeyubenainpasa,51642947 pine rd,bristol,00085,1945,nanakaintapaelbe.taxeyubenainpasa@example.com
r428,nanakaintapaelbe,taxeyubenainpasa,51642947 pine rd,bristol,00085,1945,nanakaintapaelbe.taxeyubenainpasa@example.com
r429,n@n@k@int@p@elbe,taxeyubenainpasa,51642947 pine rd,bristol,00085,1945,n@n@k@int@p@elbe.taxeyubenainpasa@example.com
r430,orzexeandanatabe,sakamaelsacadata,18132864 elm st,georgetown,00086,1977,orzexeandanatabe.sakamaelsacadata@example.com
r431,orzexeandanatabe,sakamaelsacadata,18132864 elm st,georgetown,00086,1977,orzexeandanatabe.sakamaelsacadata@example.com
r432,orzexeandanatabe,sakamaelsacadata,18132864 elm st,georgetown,00086,1977,orzexeandanatabe.sakamaelsacadata@example.com
r433,orzexeandanatabe,sakamaelsacadata,18132864 elm st,georgetown,00086,1977,orzexeandanatabe.sakamaelsacadata@example.com
r434,orzexeandanatabe,sakamaelsacadata,18132864 elm st,georgetown,00086,1977,orzexeandanatabe.sakamaelsacadata@example.com
r435,pajojosalakainca,rizebehaxewoorta,84622781 cedar ln,madison,00087,2004,pajojosalakainca.rizebehaxewoorta@example.com
r436,pajojosalakainca,rizebehaxewoorta,84622781 cedar ln,madison,00087,2004,pajojosalakainca.rizebehaxewoorta@example.com
r437,pajojosalakainca,rizebehaxewoorta,84622781 cedar ln,madison,00087,2004,pajojosalakainca.rizebehaxewoorta@example.com
r438,pajojosalakainca,rizebehaxewoorta,84622781 cedar ln,madison,00087,2004,pajojosalakainca.rizebehaxewoorta@example.com
r439,pajojosalakainca,rizebehaxewoorta,84622781 cedar ln,madison,00087,2004,pajojosalakainca.rizebehaxewoorta@example.com
r440,rivawojowohayuca,pamapajobepacava,51112698 pine rd,georgetown,00088,1957,rivawojowohayuca.pamapajobepacava@example.com
r441,rivawojowohayuca,pamapajobepacava,51112698 pine rd,georgetown,00088,1957,rivawojowohayuca.pamapajobepacava@example.com
r442,rivawojowohayuca,pamapajobepacava,51112698 pine rd,georgetown,00088,1957,rivawojowohayuca.pamapajobepacava@example.com
r443,rivawojowohayuca,pamapajobepacava,51112698 pine rd,georgetown,00088,1957,rivawojowohayuca.pamapajobepacava@example.com
r444,rivawojowohayuca,pamapajobepacava,51112698 pine rd,georgetown,00088,1957,rivawojowohayuca.pamapajobepacava@example.com
r445,safiincafifimada,orbefimafijoorva,17602615 pine rd,bristol,00089,1994,safiincafifimada.orbefimafijoorva@example.com
r446,safiincafifimada,orbefimafijoorva,17602615 pine rd,bristol,00089,1994,safiincafifimada.orbefimafijoorva@example.com
r447,safiincafifimada,orbefimafijoorva,17602615 pine rd,bristol,00089,1994,safiincafifimada.orbefimafijoorva@example.com
r448,safiincafifimada,orbefimafijoorva,17602615 pine rd,bristol,00089,1994,safiincafifimada.orbefimafijoorva@example.com
r449,safiincafifimada,orbefimafijoorva,17602615 pine rd,bristol,00089,1994,safiincafifimada.orbefimafijoorva@example.com
r450,tapavatanacacael,naortaorjodacawo,84092532 washington ave,clinton,00090,1972,tapavatanacacael.naortaorjodacawo@example.com
r451,tapavatanacacael,naortaorjodacawo,84092532 washington ave,clinton,00090,1972,tapavatanacacael.naortaorjodacawo@example.com
r452,tapavatanacacael,naortaorjodacawo,84092532 washington ave,clinton,00090,1972,tapavatanacacael.naortaorjodacawo@example.com
r453,tapavatanacacael,naortaorjodacawo,84092532 washington ave,clinton,00090,1972,tapavatanacacael.naortaorjodacawo@example.com
r454,tapavatanacacael,naortaorjodacawo,84092532 washington ave,clinton,00090,1972,tapavatanacacael.naortaorjodacawo@example.com
r455,vabehalayuzepael,madainsanaxenawo,50582449 elm st,bristol,00091,1959,vabehalayuzepael.madainsanaxenawo@example.com
r456,vabehalayuzepael,madainsanaxenawo,50582449 elm st,bristol,00091,1959,vabehalayuzepael.madainsanaxenawo@example.com
r457,vabehalayuzepael,madainsanaxenawo,50582449 elm st,bristol,00091,1959,vabehalayuzepael.madainsanaxenawo@example.com
r458,vabehalayuzepael,madainsanaxenawo,50582449 elm st,bristol,00091,1959,vabehalayuzepael.madainsanaxenawo@example.com
r459,v@beh@l@yuzep@el,madainsanaxenawo,50582449 elm st,bristol,00091,1959,v@beh@l@yuzep@el.madainsanaxenawo@example.com
r460,wolatadahaxefifi,larixevasapabexe,17072366 maple dr,salem,00092,1962,wolatadahaxefifi.larixevasapabexe@example.com
r461,wolatadahaxefifi,larixevasapabexe,17072366 maple dr,salem,00092,1962,wolatadahaxefifi.larixevasapabexe@example.com
r462,wolatadahaxefifi,larixevasapabexe,17072366 maple dr,salem,00092,1962,wolatadahaxefifi.larixevasapabexe@example.com
r463,wolatadahaxefifi,larixevasapabexe,17072366 maple dr,salem,00092,1962,wolatadahaxefifi.larixevasapabexe@example.com
r464,wolatadahaxefifi,larixevasapabexe,17072366 maple dr,salem,00092,1962,wolatadahaxefifi.larixevasapabexe@example.com
r465,xexefiwopatavafi,kafilayuxejonaxe,83562283 cedar ln,bristol,00093,1974,xexefiwopatavafi.kafilayuxejonaxe@example.com
r466,xexefiwopatavafi,kafilayuxejonaxe,83562283 cedar ln,bristol,00093,1974,xexefiwopatavafi.kafilayuxejonaxe@example.com
r467,xexefiwopatavafi,kafilayuxejonaxe,83562283 cedar ln,bristol,00093,1974,xexefiwopatavafi.kafilayuxejonaxe@example.com
r468,xexefiwopatavafi,kafilayuxejonaxe,83562283 cedar ln,bristol,00093,1974,xexefiwopatavafi.kafilayuxejonaxe@example.com
r469,xexefiwopatavafi,kafilayuxejonaxe,83562283 cedar ln,bristol,00093,1974,xexefiwopatavafi.kafilayuxejonaxe@example.com
r470,yuhasamaanrijoga,jotaanbecaelbeyu,50052200 oak ave,springfield,00094,1970,yuhasamaanrijoga.jotaanbecaelbeyu@example.com
r471,yuhasamaanrijoga,jotaanbecaelbeyu,50052200 oak ave,springfield,00094,1970,yuhasamaanrijoga.jotaanbecaelbeyu@example.com
r472,yuhasamaanrijoga,jotaanbecaelbeyu,50052200 oak ave,springfield,00094,1970,yuhasamaanrijoga.jotaanbecaelbeyu@example.com
r473,yuhasamaanrijoga,jotaanbecaelbeyu,50052200 oak ave,springfield,00094,1970,yuhasamaanrijoga.jotaanbecaelbeyu@example.com
r474,yuhasamaanrijoga,jotaanbecaelbeyu,50052200 oak ave,springfield,00094,1970,yuhasamaanrijoga.jotaanbecaelbeyu@example.com
r475,zesaelfijonazega,inhaordagayumayu,16542117 washington ave,madison,00095,1960,zesaelfijonazega.inhaordagayumayu@example.com
r476,zesaelfijonazega,inhaordagayumayu,16542117 washington ave,madison,00095,1960,zesaelfijonazega.inhaordagayumayu@example.com
r477,zesaelfijonazega,inhaordagayumayu,16542117 washington ave,madison,00095,1960,zesaelfijonazega.inhaordagayumayu@example.com
r478,zesaelfijonazega,inhaordagayumayu,16542117 washington ave,madison,00095,1960,zesaelfijonazega.inhaordagayumayu@example.com
r479,zesaelfijonazega,inhaordagayumayu,16542117 washington ave,madison,00095,1960,zesaelfijonazega.inhaordagayumayu@example.com
r480,anelrixesakanaha,hawodagakarianze,83032034 pine rd,springfield,00096,1981,anelrixesakanaha.hawodagakarianze@example.com
r481,anelrixesakanaha,hawodagakarianze,83032034 pine rd,springfield,00096,1981,anelrixesakanaha.hawodagakarianze@example.com
r482,anelrixesakanaha,hawodagakarianze,83032034 pine rd,springfield,00096,1981,anelrixesakanaha.hawodagakarianze@example.com
r483,anelrixesakanaha,hawodagakarianze,83032034 pine rd,springfield,00096,1981,anelrixesakanaha.hawodagakarianze@example.com
r484,@nelrixes@k@n@h@,hawodagakarianze,83032034 pine rd,springfield,00096,1981,@nelrixes@k@n@h@.hawodagakarianze@example.com
r485,beordaorcaindain,gajosainorkamaze,49521951 pine rd,clinton,00097,1957,beordaorcaindain.gajosainorkamaze@example.com
r486,beordaorcaindain,gajosainorkamaze,49521951 pine rd,clinton,00097,1957,beordaorcaindain.gajosainorkamaze@example.com
r487,beordaorcaindain,gajosainorkamaze,49521951 pine rd,clinton,00097,1957,beordaorcaindain.gajosainorkamaze@example.com
r488,beordaorcaindain,gajosainorkamaze,49521951 pine rd,clinton,00097,1957,beordaorcaindain.gajosainorkamaze@example.com
r489,beordaorcaindain,gajosainorkamaze,49521951 pine rd,clinton,00097,1957,beordaorcaindain.gajosainorkamaze@example.com
r490,caanpagalafisain,fiyugalataelanan,16011868 oak ave,georgetown,00098,1940,caanpagalafisain.fiyugalataelanan@example.com
r491,caanpagalafisain,fiyugalataelanan,16011868 oak ave,georgetown,00098,1940,caanpagalafisain.fiyugalataelanan@example.com
r492,caanpagalafisain,fiyugalataelanan,16011868 oak ave,georgetown,00098,1940,caanpagalafisain.fiyugalataelanan@example.com
r493,caanpagalafisain,fiyugalataelanan,16011868 oak ave,georgetown,00098,1940,caanpagalafisain.fiyugalataelanan@example.com
r494,caanpagalafisain,fiyugalataelanan,16011868 oak ave,georgetown,00098,1940,caanpagalafisain.fiyugalataelanan@example.com
r495,d@k@c@zev@c@h@jo,ellawonayuyulaan,82501785 washington ave,madison,00099,1978,d@k@c@zev@c@h@jo.ellawonayuyulaan@example.com
r496,dakacazevacahajo,ellawonayuyulaan,82501785 washington ave,madison,00099,1978,dakacazevacahajo.ellawonayuyulaan@example.com
r497,dakacazevacahajo,ellawonayuyulaan,82501785 washington ave,madison,00099,1978,dakacazevacahajo.ellawonayuyulaan@example.com
r498,d@k@c@zev@c@h@jo,ellawonayuyulaan,82501785 washington ave,madison,00099,1978,d@k@c@zev@c@h@jo.ellawonayuyulaan@example.com
r499,dakacazevacahajo,ellawonayuyulaan,82501785 washington ave,madison,00099,1978,dakacazevacahajo.ellawonayuyulaan@example.com
